date,cloud_cover,sunshine,global_radiation,max_temp,mean_temp,min_temp,precipitation,pressure,snow_depth
2012-01-01,7.0,0.0,13.0,11.9,12.2,11.3,7.2,100480.0,0.0
2012-01-02,1.0,6.3,49.0,12.6,8.1,4.2,2.0,100850.0,0.0
2012-01-03,5.0,1.4,25.0,11.7,8.7,4.7,7.8,100310.0,0.0
2012-01-04,4.0,0.4,18.0,11.0,8.1,4.4,2.0,101420.0,0.0
2012-01-05,4.0,3.5,37.0,10.6,8.3,5.5,0.2,100500.0,0.0
2012-01-06,3.0,4.8,44.0,10.6,7.0,3.3,0.0,102380.0,0.0
2012-01-07,6.0,2.2,31.0,10.4,7.0,3.4,0.0,102190.0,0.0
2012-01-08,7.0,0.1,15.0,12.8,8.9,7.3,0.0,102680.0,0.0
2012-01-09,7.0,0.5,20.0,11.4,9.8,6.8,0.2,102970.0,0.0
2012-01-10,7.0,0.7,22.0,11.2,10.0,8.6,0.0,103330.0,0.0
2012-01-11,5.0,2.6,35.0,13.6,9.0,6.7,0.0,103300.0,0.0
2012-01-12,4.0,1.5,28.0,7.1,10.1,6.6,0.0,102800.0,0.0
2012-01-13,0.0,6.1,53.0,6.5,3.7,0.2,0.0,103300.0,0.0
2012-01-14,1.0,6.3,55.0,6.7,1.7,-3.1,0.2,103010.0,0.0
2012-01-15,1.0,6.4,56.0,7.2,2.5,-1.8,0.0,102480.0,0.0
2012-01-16,0.0,7.1,60.0,8.7,2.9,-1.4,0.2,102540.0,0.0
2012-01-17,3.0,2.1,34.0,12.4,3.1,-2.5,0.6,102770.0,0.0
2012-01-18,7.0,0.0,15.0,11.0,5.9,-0.7,4.0,102390.0,0.0
2012-01-19,5.0,1.8,33.0,11.3,9.7,8.4,0.8,101880.0,0.0
2012-01-20,6.0,0.0,16.0,12.8,7.7,4.0,0.0,101960.0,0.0
2012-01-21,6.0,1.9,35.0,12.0,10.1,7.4,0.0,101290.0,0.0
2012-01-22,5.0,0.7,25.0,8.6,8.7,5.4,0.0,101460.0,0.0
2012-01-23,6.0,0.0,17.0,10.4,6.0,3.4,1.4,101910.0,0.0
2012-01-24,6.0,0.0,17.0,10.2,4.9,-0.6,6.2,101930.0,0.0
2012-01-25,8.0,0.0,17.0,9.1,7.1,3.9,1.0,101520.0,0.0
2012-01-26,5.0,3.5,48.0,9.3,7.7,6.3,0.2,100900.0,0.0
2012-01-27,1.0,7.1,69.0,6.7,5.8,2.2,0.4,101920.0,0.0
2012-01-28,5.0,1.2,33.0,4.9,4.3,1.9,0.0,102820.0,0.0
2012-01-29,8.0,0.0,18.0,4.3,3.1,1.3,0.0,103090.0,0.0
2012-01-30,7.0,0.1,21.0,2.3,2.4,0.5,0.0,102620.0,0.0
2012-01-31,5.0,0.2,23.0,3.9,0.6,-1.1,0.0,102630.0,0.0
2012-02-01,3.0,7.6,77.0,2.0,1.5,-0.9,0.0,103260.0,0.0
2012-02-02,0.0,8.1,81.0,2.2,-0.6,-3.2,0.0,103610.0,0.0
2012-02-03,2.0,6.6,73.0,1.9,-1.2,-4.5,0.0,103950.0,2.0
2012-02-04,3.0,4.2,59.0,2.4,-2.2,-6.3,10.4,103600.0,0.0
2012-02-05,8.0,0.0,21.0,4.5,-1.1,-4.6,0.0,102740.0,7.0
2012-02-06,8.0,0.0,21.0,4.1,2.6,0.7,0.2,103310.0,3.0
2012-02-07,5.0,4.7,66.0,0.7,2.6,1.1,0.0,104000.0,0.0
2012-02-08,8.0,0.0,22.0,1.8,-1.4,-3.5,0.0,104120.0,0.0
2012-02-09,8.0,0.4,30.0,2.4,0.3,-1.3,2.0,103940.0,0.0
2012-02-10,5.0,2.4,51.0,2.4,0.3,-1.9,0.0,103820.0,4.0
2012-02-11,1.0,8.2,92.0,4.8,-2.6,-7.6,0.0,103690.0,2.0
2012-02-12,7.0,0.0,24.0,6.8,-1.0,-6.8,0.0,103470.0,2.0
2012-02-13,7.0,0.1,27.0,8.7,2.8,-1.3,0.6,102770.0,0.0
2012-02-14,6.0,0.5,34.0,11.2,5.9,3.0,0.0,102490.0,0.0
2012-02-15,6.0,2.9,60.0,11.2,7.9,4.6,0.0,102560.0,0.0
2012-02-16,4.0,2.1,53.0,12.2,6.9,2.5,0.0,102760.0,0.0
2012-02-17,7.0,0.1,29.0,11.4,8.7,5.1,0.0,102330.0,0.0
2012-02-18,6.0,0.4,35.0,7.3,9.7,8.0,2.8,101270.0,0.0
2012-02-19,1.0,7.2,97.0,9.5,3.7,0.1,0.0,102440.0,0.0
2012-02-20,5.0,5.3,84.0,12.5,3.2,-3.1,0.0,103210.0,0.0
2012-02-21,8.0,1.2,48.0,12.5,6.9,1.3,0.0,102890.0,0.0
2012-02-22,8.0,0.1,32.0,16.8,10.3,8.1,0.8,102400.0,0.0
2012-02-23,4.0,5.9,93.0,14.7,12.6,8.3,0.0,102320.0,0.0
2012-02-24,7.0,1.9,58.0,12.2,11.9,9.1,0.0,102750.0,0.0
2012-02-25,4.0,6.5,100.0,13.3,9.8,7.4,0.0,102780.0,0.0
2012-02-26,1.0,8.5,117.0,11.5,7.6,1.9,0.0,102840.0,0.0
2012-02-27,8.0,0.0,31.0,13.1,8.4,5.2,0.0,102500.0,0.0
2012-02-28,8.0,0.0,31.0,13.0,10.9,8.6,0.0,102410.0,0.0
2012-02-29,8.0,0.0,32.0,14.4,10.8,8.5,0.0,102470.0,0.0
2012-03-01,5.0,5.2,105.0,11.7,9.1,3.7,0.0,102630.0,0.0
2012-03-02,,3.4,88.0,15.0,7.5,3.2,0.0,102560.0,0.0
2012-03-03,5.0,3.4,89.0,9.4,10.8,6.6,2.2,101880.0,0.0
2012-03-04,8.0,0.0,37.0,10.3,8.0,6.5,7.4,101670.0,0.0
2012-03-05,4.0,7.8,135.0,8.9,6.8,3.2,0.0,102190.0,0.0
2012-03-06,4.0,1.1,62.0,12.4,5.4,1.8,0.2,102540.0,0.0
2012-03-07,5.0,1.0,62.0,12.1,8.1,3.8,3.8,101760.0,0.0
2012-03-08,3.0,5.1,114.0,11.3,6.8,1.4,0.0,103080.0,0.0
2012-03-09,7.0,0.0,40.0,15.8,8.1,4.8,0.0,103470.0,0.0
2012-03-10,7.0,2.6,88.0,16.4,12.2,8.6,0.0,103670.0,0.0
2012-03-11,1.0,6.7,135.0,14.9,10.9,5.3,0.2,103690.0,0.0
2012-03-12,4.0,4.8,116.0,10.3,9.3,3.7,0.0,103510.0,0.0
2012-03-13,6.0,2.6,91.0,13.5,7.6,4.9,0.0,103470.0,0.0
2012-03-14,5.0,5.0,121.0,16.4,9.3,5.1,0.0,103130.0,0.0
2012-03-15,2.0,7.6,151.0,9.9,8.8,1.1,0.0,102460.0,0.0
2012-03-16,8.0,0.0,44.0,11.1,6.7,3.5,0.0,101900.0,0.0
2012-03-17,7.0,0.0,45.0,10.4,9.2,7.3,2.2,101290.0,0.0
2012-03-18,3.0,5.4,132.0,14.0,6.5,2.6,0.2,101750.0,0.0
2012-03-19,0.0,11.0,191.0,15.5,7.5,0.9,0.0,103210.0,0.0
2012-03-20,4.0,5.3,134.0,16.5,9.4,3.3,0.0,103480.0,0.0
2012-03-21,4.0,8.2,167.0,18.2,12.2,7.9,0.0,103400.0,0.0
2012-03-22,1.0,8.3,170.0,20.3,11.9,5.6,0.0,102920.0,0.0
2012-03-23,1.0,9.6,185.0,20.1,13.4,6.5,0.0,102660.0,0.0
2012-03-24,0.0,10.1,192.0,15.8,13.4,6.6,0.0,102860.0,0.0
2012-03-25,0.0,9.6,189.0,18.9,10.6,5.3,0.0,103360.0,0.0
2012-03-26,0.0,11.6,211.0,19.3,11.5,4.0,0.0,103630.0,0.0
2012-03-27,0.0,11.9,216.0,22.8,12.1,4.8,0.0,103630.0,0.0
2012-03-28,0.0,11.4,213.0,20.4,13.5,4.1,0.0,103250.0,0.0
2012-03-29,0.0,11.2,213.0,16.9,13.3,6.1,0.0,102790.0,0.0
2012-03-30,0.0,10.4,207.0,11.7,11.8,6.7,0.0,102410.0,0.0
2012-03-31,6.0,0.0,54.0,13.7,9.2,6.6,0.0,102020.0,0.0
2012-04-01,0.0,11.6,223.0,15.8,7.8,1.8,0.0,102060.0,0.0
2012-04-02,1.0,10.2,210.0,15.1,9.6,3.3,0.0,101090.0,0.0
2012-04-03,4.0,4.5,142.0,10.3,9.3,3.4,2.6,100310.0,0.0
2012-04-04,5.0,4.7,146.0,9.3,6.4,2.4,0.2,100740.0,0.0
2012-04-05,6.0,0.0,57.0,13.1,7.8,6.2,0.0,101890.0,0.0
2012-04-06,3.0,7.5,185.0,11.2,6.1,-0.9,0.2,101590.0,0.0
2012-04-07,7.0,0.1,64.0,14.2,8.5,5.8,0.6,101270.0,0.0
2012-04-08,7.0,0.0,59.0,11.6,10.4,6.6,1.8,101210.0,0.0
2012-04-09,8.0,0.0,59.0,14.8,9.9,8.2,4.0,99660.0,0.0
2012-04-10,2.0,8.3,201.0,14.1,10.1,5.4,1.2,99030.0,0.0
2012-04-11,2.0,8.3,203.0,13.2,8.7,3.3,0.0,99730.0,0.0
2012-04-12,4.0,4.4,152.0,13.4,7.9,2.5,2.6,100320.0,0.0
2012-04-13,3.0,4.7,157.0,12.3,8.1,2.8,0.0,100510.0,0.0
2012-04-14,6.0,6.5,184.0,10.0,9.2,6.1,0.0,100830.0,0.0
2012-04-15,3.0,7.1,193.0,12.3,6.5,3.0,0.0,102040.0,0.0
2012-04-16,4.0,7.5,200.0,14.8,6.4,0.5,1.4,102450.0,0.0
2012-04-17,6.0,4.5,159.0,12.4,10.0,5.2,3.6,100120.0,0.0
2012-04-18,8.0,0.6,87.0,11.9,8.9,5.4,5.2,98110.0,0.0
2012-04-19,7.0,1.8,115.0,13.1,9.0,6.1,2.0,98470.0,0.0
2012-04-20,5.0,6.7,194.0,14.8,8.6,4.0,7.2,99330.0,0.0
2012-04-21,4.0,6.7,195.0,15.3,8.9,2.9,0.0,99740.0,0.0
2012-04-22,4.0,8.1,215.0,10.6,9.8,4.3,2.4,100260.0,0.0
2012-04-23,7.0,2.6,133.0,14.1,8.5,6.3,4.2,99490.0,0.0
2012-04-24,6.0,2.5,132.0,12.7,10.5,6.8,5.4,99740.0,0.0
2012-04-25,7.0,0.9,99.0,14.9,9.4,6.1,11.2,98730.0,0.0
2012-04-26,6.0,4.9,174.0,15.8,11.2,7.5,3.2,99420.0,0.0
2012-04-27,6.0,5.2,180.0,9.7,12.4,8.9,2.4,101020.0,0.0
2012-04-28,8.0,0.0,70.0,15.2,9.0,8.3,18.4,101490.0,0.0
2012-04-29,6.0,1.0,105.0,19.2,10.4,5.6,3.8,100450.0,0.0
2012-04-30,3.0,10.8,260.0,17.6,13.5,7.7,14.8,101220.0,0.0
2012-05-01,6.0,5.3,186.0,14.7,14.5,11.3,0.0,101620.0,0.0
2012-05-02,8.0,0.1,79.0,9.4,12.3,9.8,0.6,101960.0,0.0
2012-05-03,8.0,0.0,72.0,10.0,8.8,8.1,0.0,101200.0,0.0
2012-05-04,8.0,0.0,73.0,10.3,8.6,7.2,0.0,100700.0,0.0
2012-05-05,8.0,0.4,92.0,10.4,8.0,5.6,0.2,100990.0,0.0
2012-05-06,7.0,0.0,74.0,15.1,7.9,5.3,0.0,101420.0,0.0
2012-05-07,6.0,2.8,148.0,18.1,9.1,3.1,2.2,101380.0,0.0
2012-05-08,7.0,2.8,149.0,16.8,14.0,9.9,2.2,100710.0,0.0
2012-05-09,7.0,0.0,75.0,17.1,13.3,9.8,5.8,100830.0,0.0
2012-05-10,8.0,0.0,75.0,16.5,14.6,12.0,4.4,100930.0,0.0
2012-05-11,4.0,9.5,255.0,15.7,13.6,10.7,0.0,102240.0,0.0
2012-05-12,2.0,10.6,271.0,17.3,10.2,4.6,0.0,103710.0,0.0
2012-05-13,2.0,9.5,257.0,12.5,11.1,4.9,0.0,103020.0,0.0
2012-05-14,5.0,1.1,116.0,12.4,9.5,6.4,3.6,101640.0,0.0
2012-05-15,5.0,2.7,151.0,14.9,8.7,5.0,2.2,101620.0,0.0
2012-05-16,4.0,8.0,238.0,15.5,9.0,3.1,0.0,102530.0,0.0
2012-05-17,7.0,0.7,106.0,16.2,11.1,6.6,0.0,101670.0,0.0
2012-05-18,6.0,0.7,107.0,17.4,12.7,9.2,0.0,100440.0,0.0
2012-05-19,8.0,1.6,130.0,11.9,14.4,11.3,0.0,100960.0,0.0
2012-05-20,8.0,0.0,79.0,17.5,10.3,8.7,0.0,101090.0,0.0
2012-05-21,5.0,2.7,154.0,25.7,13.4,9.2,0.0,100960.0,0.0
2012-05-22,3.0,11.2,287.0,27.2,18.3,10.9,0.0,101490.0,0.0
2012-05-23,1.0,11.7,294.0,27.0,20.7,14.2,0.0,102270.0,0.0
2012-05-24,1.0,12.3,302.0,25.9,21.5,16.0,0.0,102580.0,0.0
2012-05-25,0.0,13.9,323.0,25.9,21.1,16.2,0.0,102320.0,0.0
2012-05-26,0.0,14.3,329.0,27.6,20.1,14.3,0.0,102010.0,0.0
2012-05-27,0.0,14.1,327.0,26.3,20.7,13.8,0.0,101840.0,0.0
2012-05-28,1.0,11.9,299.0,23.8,20.0,13.6,0.0,101780.0,0.0
2012-05-29,1.0,8.9,259.0,25.4,19.1,14.4,0.0,101740.0,0.0
2012-05-30,3.0,9.3,265.0,20.8,19.1,12.8,4.2,101790.0,0.0
2012-05-31,5.0,0.5,105.0,21.4,16.8,12.8,0.0,101880.0,0.0
2012-06-01,7.0,1.4,130.0,19.5,17.1,12.8,1.0,101910.0,0.0
2012-06-02,7.0,1.6,136.0,12.7,16.0,12.4,4.8,101440.0,0.0
2012-06-03,8.0,0.0,80.0,14.9,11.8,10.9,14.0,100720.0,0.0
2012-06-04,6.0,3.1,168.0,16.2,11.1,7.3,0.2,101450.0,0.0
2012-06-05,6.0,0.1,88.0,18.8,11.6,7.0,7.0,101390.0,0.0
2012-06-06,5.0,5.4,210.0,17.8,15.1,11.4,3.2,100240.0,0.0
2012-06-07,7.0,0.3,98.0,16.3,15.1,12.4,14.8,99760.0,0.0
2012-06-08,7.0,1.0,121.0,19.5,14.3,12.2,0.2,99850.0,0.0
2012-06-09,4.0,7.7,246.0,17.3,15.2,10.8,0.0,100980.0,0.0
2012-06-10,5.0,1.8,142.0,13.0,12.6,7.9,26.2,100820.0,0.0
2012-06-11,8.0,0.0,81.0,15.4,12.3,11.6,10.2,100220.0,0.0
2012-06-12,8.0,0.0,81.0,18.3,12.9,10.3,0.2,100940.0,0.0
2012-06-13,4.0,7.3,241.0,18.6,13.0,7.6,0.0,101650.0,0.0
2012-06-14,4.0,5.4,211.0,19.3,13.5,8.3,5.4,101570.0,0.0
2012-06-15,5.0,5.3,210.0,19.3,15.9,12.4,1.8,100790.0,0.0
2012-06-16,6.0,3.9,185.0,20.4,15.9,12.4,0.0,100860.0,0.0
2012-06-17,5.0,6.1,223.0,19.5,16.1,11.8,4.2,101640.0,0.0
2012-06-18,6.0,4.6,198.0,20.5,15.3,11.0,0.0,101720.0,0.0
2012-06-19,4.0,7.1,238.0,22.7,15.0,9.5,0.0,101920.0,0.0
2012-06-20,4.0,7.7,247.0,20.4,17.2,11.6,5.6,101630.0,0.0
2012-06-21,7.0,1.3,130.0,18.7,17.2,13.9,2.8,100570.0,0.0
2012-06-22,7.0,0.7,113.0,20.2,14.9,11.1,0.2,101070.0,0.0
2012-06-23,5.0,5.0,205.0,20.9,15.5,10.8,8.8,101940.0,0.0
2012-06-24,5.0,6.5,229.0,22.5,16.3,11.6,0.0,101220.0,0.0
2012-06-25,4.0,8.9,264.0,22.3,17.2,11.9,0.0,101760.0,0.0
2012-06-26,7.0,4.3,192.0,23.4,18.1,13.8,0.0,102000.0,0.0
2012-06-27,6.0,1.6,137.0,27.6,20.4,17.4,0.2,101730.0,0.0
2012-06-28,3.0,9.4,271.0,21.6,22.2,16.7,0.0,100510.0,0.0
2012-06-29,5.0,2.7,161.0,21.6,17.6,13.5,0.0,100480.0,0.0
2012-06-30,4.0,8.3,255.0,19.3,18.4,15.2,0.0,100810.0,0.0
2012-07-01,4.0,7.2,238.0,17.9,15.0,10.6,0.8,101440.0,0.0
2012-07-02,7.0,0.0,80.0,19.3,15.2,12.4,4.8,101520.0,0.0
2012-07-03,8.0,0.0,80.0,22.2,17.0,14.7,5.8,101350.0,0.0
2012-07-04,7.0,1.7,138.0,22.5,19.0,15.7,0.0,100940.0,0.0
2012-07-05,7.0,4.2,188.0,19.0,18.1,13.7,1.2,100930.0,0.0
2012-07-06,7.0,1.3,128.0,19.4,17.0,15.0,8.2,100740.0,0.0
2012-07-07,7.0,1.8,140.0,22.0,15.7,12.0,7.0,100700.0,0.0
2012-07-08,7.0,4.0,184.0,18.8,18.1,14.1,2.6,100570.0,0.0
2012-07-09,8.0,0.0,79.0,18.7,16.6,14.4,0.2,101110.0,0.0
2012-07-10,8.0,1.7,137.0,20.2,15.9,13.1,6.2,101080.0,0.0
2012-07-11,5.0,7.8,244.0,19.3,16.0,11.8,5.8,101090.0,0.0
2012-07-12,4.0,7.2,234.0,20.1,14.5,9.6,9.0,101190.0,0.0
2012-07-13,7.0,3.5,173.0,16.9,16.6,13.0,6.0,100180.0,0.0
2012-07-14,8.0,1.2,123.0,18.8,15.2,13.5,3.0,100510.0,0.0
2012-07-15,6.0,5.4,205.0,18.7,15.6,12.3,0.2,101570.0,0.0
2012-07-16,8.0,0.0,77.0,23.8,15.8,12.8,1.6,101980.0,0.0
2012-07-17,5.0,4.2,184.0,19.2,18.8,13.7,0.0,102230.0,0.0
2012-07-18,8.0,0.4,98.0,20.3,16.9,14.5,1.6,101310.0,0.0
2012-07-19,6.0,5.5,204.0,19.0,16.7,13.1,0.2,101080.0,0.0
2012-07-20,6.0,3.8,175.0,20.7,15.7,12.4,2.0,101660.0,0.0
2012-07-21,5.0,7.3,231.0,23.3,16.2,11.7,0.0,102390.0,0.0
2012-07-22,2.0,13.5,311.0,27.4,18.0,12.6,0.0,102670.0,0.0
2012-07-23,0.0,14.4,321.0,28.9,20.0,12.6,0.0,102280.0,0.0
2012-07-24,0.0,14.4,320.0,30.2,21.8,14.7,0.0,101800.0,0.0
2012-07-25,1.0,11.6,285.0,27.4,23.3,16.4,0.0,101660.0,0.0
2012-07-26,0.0,13.5,307.0,24.8,21.8,16.2,0.0,101790.0,0.0
2012-07-27,6.0,0.4,95.0,21.6,20.5,16.1,0.0,101260.0,0.0
2012-07-28,4.0,7.2,224.0,18.9,18.1,14.5,0.0,101080.0,0.0
2012-07-29,3.0,7.7,230.0,20.7,15.0,11.0,1.6,101180.0,0.0
2012-07-30,3.0,10.2,263.0,20.8,15.3,9.8,3.8,101530.0,0.0
2012-07-31,6.0,0.5,96.0,23.6,15.8,10.8,0.2,101440.0,0.0
2012-08-01,5.0,2.1,136.0,22.8,18.2,12.8,0.4,100920.0,0.0
2012-08-02,6.0,6.6,211.0,23.0,18.9,14.9,0.0,101040.0,0.0
2012-08-03,2.0,9.8,253.0,21.3,17.9,12.8,2.2,101240.0,0.0
2012-08-04,5.0,5.5,193.0,21.5,17.8,14.2,1.8,100970.0,0.0
2012-08-05,4.0,6.3,204.0,22.3,17.0,12.5,1.2,100710.0,0.0
2012-08-06,7.0,4.7,179.0,20.3,18.5,14.7,2.4,100950.0,0.0
2012-08-07,6.0,1.0,107.0,23.7,15.7,11.0,1.0,101980.0,0.0
2012-08-08,5.0,4.0,166.0,26.3,19.2,14.7,0.2,102270.0,0.0
2012-08-09,1.0,11.2,264.0,26.9,19.8,13.2,0.0,102570.0,0.0
2012-08-10,2.0,10.5,254.0,24.1,20.9,14.8,0.0,102590.0,0.0
2012-08-11,1.0,10.0,247.0,26.9,19.4,14.7,0.0,102050.0,0.0
2012-08-12,3.0,7.8,217.0,23.8,21.1,15.3,0.0,101200.0,0.0
2012-08-13,7.0,0.8,98.0,25.1,19.2,14.6,2.8,101100.0,0.0
2012-08-14,5.0,8.7,227.0,23.0,21.2,17.3,0.0,101100.0,0.0
2012-08-15,4.0,1.5,113.0,22.9,20.5,18.0,0.8,100620.0,0.0
2012-08-16,4.0,3.9,157.0,28.5,19.4,15.9,0.0,101410.0,0.0
2012-08-17,4.0,6.7,197.0,30.3,23.2,17.9,0.0,101360.0,0.0
2012-08-18,1.0,12.5,266.0,30.5,24.4,18.4,0.0,101390.0,0.0
2012-08-19,1.0,11.0,248.0,25.5,24.0,17.4,0.0,101530.0,0.0
2012-08-20,3.0,5.0,170.0,22.2,21.2,16.8,0.0,101940.0,0.0
2012-08-21,6.0,1.7,113.0,23.4,19.1,16.0,0.2,101760.0,0.0
2012-08-22,4.0,6.9,193.0,22.4,18.2,12.9,0.0,101740.0,0.0
2012-08-23,6.0,6.2,183.0,20.8,17.5,12.6,0.0,101420.0,0.0
2012-08-24,8.0,0.8,90.0,22.5,17.3,13.7,1.0,100480.0,0.0
2012-08-25,7.0,2.8,130.0,21.5,19.0,15.4,16.4,100130.0,0.0
2012-08-26,4.0,6.7,186.0,22.6,17.2,12.9,0.0,101510.0,0.0
2012-08-27,5.0,3.1,133.0,24.2,16.9,11.2,2.2,101370.0,0.0
2012-08-28,4.0,9.7,219.0,21.0,19.1,13.9,0.0,101300.0,0.0
2012-08-29,4.0,3.3,134.0,18.1,17.1,13.2,3.8,101240.0,0.0
2012-08-30,5.0,2.5,120.0,18.8,15.7,13.3,0.0,101690.0,0.0
2012-08-31,3.0,9.3,209.0,22.8,12.4,5.9,0.0,102900.0,0.0
2012-09-01,6.0,2.0,105.0,18.8,17.9,13.0,0.0,102600.0,0.0
2012-09-02,5.0,0.0,55.0,24.7,15.7,12.5,0.0,102470.0,0.0
2012-09-03,2.0,10.2,206.0,25.1,19.5,14.2,0.0,102570.0,0.0
2012-09-04,4.0,6.0,158.0,20.7,19.4,13.6,0.0,102370.0,0.0
2012-09-05,1.0,12.3,223.0,21.7,15.9,11.1,0.0,102720.0,0.0
2012-09-06,0.0,11.1,210.0,26.4,15.0,8.3,0.0,102820.0,0.0
2012-09-07,0.0,12.4,220.0,27.3,18.5,10.6,0.0,102450.0,0.0
2012-09-08,0.0,11.8,213.0,28.3,18.4,9.5,0.0,102040.0,0.0
2012-09-09,1.0,9.5,189.0,21.5,19.0,9.7,0.0,101150.0,0.0
2012-09-10,7.0,1.8,93.0,19.0,18.9,16.3,0.0,101000.0,0.0
2012-09-11,4.0,6.8,157.0,19.0,16.6,14.1,0.0,101270.0,0.0
2012-09-12,4.0,3.4,115.0,19.2,13.0,7.0,2.0,101480.0,0.0
2012-09-13,2.0,10.1,188.0,21.0,13.1,6.9,0.0,101900.0,0.0
2012-09-14,5.0,5.0,133.0,22.9,16.8,12.5,0.0,101370.0,0.0
2012-09-15,1.0,10.9,191.0,18.9,15.6,8.3,0.0,101730.0,0.0
2012-09-16,6.0,2.5,98.0,19.5,16.0,13.1,0.0,101310.0,0.0
2012-09-17,6.0,4.2,119.0,18.1,16.3,13.1,0.0,101240.0,0.0
2012-09-18,2.0,8.5,164.0,17.8,14.7,11.3,0.0,101390.0,0.0
2012-09-19,2.0,10.3,178.0,17.8,12.1,6.3,0.0,102210.0,0.0
2012-09-20,4.0,3.2,103.0,16.8,13.3,8.7,0.0,102070.0,0.0
2012-09-21,4.0,0.1,49.0,16.8,13.5,10.2,1.0,101550.0,0.0
2012-09-22,1.0,9.6,167.0,15.0,11.5,6.1,0.0,101960.0,0.0
2012-09-23,5.0,0.0,43.0,16.0,11.7,8.4,21.8,100850.0,0.0
2012-09-24,6.0,1.1,69.0,17.1,13.2,10.4,8.0,98920.0,0.0
2012-09-25,3.0,7.6,143.0,16.0,13.3,9.5,1.2,98860.0,0.0
2012-09-26,7.0,2.3,85.0,17.5,12.9,9.7,2.2,99230.0,0.0
2012-09-27,6.0,4.3,108.0,18.1,14.1,10.7,0.6,100720.0,0.0
2012-09-28,5.0,1.6,73.0,16.7,13.3,8.5,0.2,101300.0,0.0
2012-09-29,1.0,8.7,146.0,18.1,12.7,8.6,0.0,101830.0,0.0
2012-09-30,5.0,1.6,71.0,17.3,12.1,6.1,4.2,101870.0,0.0
2012-10-01,6.0,2.7,85.0,17.9,15.2,13.0,2.6,101190.0,0.0
2012-10-02,6.0,2.8,85.0,15.1,14.4,10.9,1.2,100970.0,0.0
2012-10-03,7.0,1.6,69.0,16.4,13.1,11.0,4.6,100560.0,0.0
2012-10-04,3.0,7.5,128.0,15.8,11.4,6.4,6.2,100820.0,0.0
2012-10-05,8.0,1.1,60.0,15.3,13.2,10.5,17.6,100700.0,0.0
2012-10-06,4.0,7.9,128.0,13.8,11.4,7.5,0.2,101300.0,0.0
2012-10-07,3.0,3.2,84.0,12.7,9.3,4.7,0.0,101790.0,0.0
2012-10-08,8.0,0.0,34.0,14.3,9.9,7.0,2.8,101300.0,0.0
2012-10-09,6.0,3.8,87.0,15.4,11.5,8.7,0.0,101610.0,0.0
2012-10-10,7.0,2.8,76.0,15.7,11.8,8.1,0.0,101500.0,0.0
2012-10-11,8.0,0.0,32.0,14.8,12.3,8.9,7.8,100370.0,0.0
2012-10-12,5.0,6.4,106.0,13.5,12.3,9.7,0.0,100580.0,0.0
2012-10-13,4.0,4.1,85.0,12.9,9.6,5.6,0.8,100480.0,0.0
2012-10-14,1.0,7.7,113.0,14.2,7.4,1.9,0.0,100270.0,0.0
2012-10-15,6.0,0.6,44.0,15.9,8.6,2.9,1.4,100240.0,0.0
2012-10-16,4.0,7.3,107.0,17.5,12.1,8.3,12.0,100090.0,0.0
2012-10-17,5.0,6.2,98.0,17.0,12.7,7.8,1.6,99770.0,0.0
2012-10-18,7.0,2.9,69.0,13.6,14.6,12.1,0.2,100200.0,0.0
2012-10-19,8.0,0.0,28.0,14.1,12.4,11.2,8.2,100780.0,0.0
2012-10-20,7.0,0.3,36.0,13.6,11.3,8.4,5.2,101630.0,0.0
2012-10-21,8.0,0.0,27.0,14.9,11.5,9.3,0.8,101810.0,0.0
2012-10-22,8.0,0.0,27.0,13.8,12.8,10.7,0.2,102020.0,0.0
2012-10-23,8.0,0.0,26.0,16.9,12.9,11.9,0.0,102380.0,0.0
2012-10-24,6.0,1.6,50.0,13.3,14.4,11.9,0.0,101960.0,0.0
2012-10-25,8.0,0.0,25.0,9.1,13.1,12.9,0.4,101650.0,0.0
2012-10-26,7.0,0.0,25.0,9.1,8.6,8.0,0.2,101280.0,0.0
2012-10-27,3.0,6.2,85.0,9.7,5.6,2.1,0.2,101670.0,0.0
2012-10-28,7.0,0.1,27.0,13.3,5.0,0.2,3.0,101550.0,0.0
2012-10-29,7.0,1.7,47.0,11.1,9.0,4.6,1.8,100870.0,0.0
2012-10-30,4.0,5.6,77.0,13.2,7.8,4.5,0.2,100460.0,0.0
2012-10-31,6.0,1.5,44.0,10.3,9.7,6.1,9.2,98970.0,0.0
2012-11-01,4.0,3.9,63.0,11.3,8.6,6.8,0.4,97960.0,0.0
2012-11-02,2.0,6.4,79.0,10.3,7.6,3.8,0.0,99120.0,0.0
2012-11-03,3.0,5.1,69.0,8.9,6.3,2.2,11.6,99650.0,0.0
2012-11-04,6.0,0.2,26.0,10.2,5.4,1.9,4.8,99420.0,0.0
2012-11-05,2.0,6.7,77.0,10.1,5.3,0.3,0.0,100640.0,0.0
2012-11-06,4.0,4.2,61.0,10.9,5.4,0.6,0.4,102050.0,0.0
2012-11-07,4.0,4.2,60.0,13.1,7.4,3.8,0.0,102450.0,0.0
2012-11-08,6.0,3.1,51.0,11.5,9.9,6.6,0.0,101930.0,0.0
2012-11-09,7.0,0.4,27.0,10.2,9.7,7.8,4.2,101000.0,0.0
2012-11-10,6.0,0.0,19.0,10.7,9.3,8.3,0.2,99780.0,0.0
2012-11-11,1.0,8.0,77.0,12.7,6.0,1.3,0.2,101170.0,0.0
2012-11-12,8.0,0.0,19.0,15.5,8.0,3.2,1.4,102090.0,0.0
2012-11-13,6.0,1.0,32.0,14.2,11.4,7.3,0.2,102620.0,0.0
2012-11-14,3.0,5.2,60.0,10.1,12.0,9.7,0.0,102640.0,0.0
2012-11-15,6.0,1.3,33.0,12.6,7.1,4.0,0.0,102270.0,0.0
2012-11-16,8.0,0.0,17.0,12.5,9.1,5.6,0.0,101470.0,0.0
2012-11-17,8.0,0.1,20.0,9.9,9.3,6.0,0.0,100780.0,0.0
2012-11-18,2.0,7.0,66.0,12.8,5.6,1.2,0.2,101470.0,0.0
2012-11-19,5.0,1.7,35.0,13.4,7.0,1.2,1.0,101100.0,0.0
2012-11-20,8.0,0.0,16.0,12.1,10.3,7.1,6.2,100840.0,0.0
2012-11-21,6.0,0.0,16.0,13.3,10.8,9.5,4.4,100760.0,0.0
2012-11-22,6.0,0.9,27.0,11.6,9.8,6.3,11.6,101100.0,0.0
2012-11-23,3.0,2.6,39.0,12.6,8.9,6.1,0.2,101160.0,0.0
2012-11-24,6.0,0.0,15.0,11.6,7.4,2.1,12.2,101000.0,0.0
2012-11-25,6.0,3.5,43.0,9.3,8.5,5.4,4.6,100170.0,0.0
2012-11-26,8.0,0.0,15.0,8.6,8.1,6.8,7.0,99830.0,0.0
2012-11-27,8.0,0.0,15.0,7.2,7.7,6.8,1.0,100410.0,0.0
2012-11-28,6.0,0.1,17.0,6.5,6.5,5.8,0.0,101340.0,0.0
2012-11-29,2.0,5.3,50.0,4.9,4.0,1.5,0.0,101290.0,0.0
2012-11-30,4.0,4.5,46.0,6.2,1.7,-1.6,0.0,101210.0,0.0
2012-12-01,3.0,1.1,24.0,10.4,2.5,-1.3,0.2,101480.0,0.0
2012-12-02,2.0,5.5,47.0,10.8,4.2,-2.1,4.6,101650.0,0.0
2012-12-03,6.0,0.2,16.0,8.1,5.2,-0.4,0.4,100750.0,0.0
2012-12-04,2.0,4.8,44.0,4.1,4.6,1.0,1.0,100370.0,0.0
2012-12-05,3.0,3.9,39.0,5.8,1.1,-2.0,0.2,100840.0,0.0
2012-12-06,4.0,0.0,13.0,6.9,0.9,-4.1,2.4,101350.0,0.0
2012-12-07,4.0,4.3,40.0,7.3,2.6,-1.7,0.8,100230.0,0.0
2012-12-08,4.0,6.4,49.0,9.2,4.9,2.5,0.0,102350.0,0.0
2012-12-09,6.0,0.7,20.0,5.9,6.1,2.9,0.0,101930.0,0.0
2012-12-10,1.0,5.1,43.0,2.6,4.1,2.3,0.0,102260.0,0.0
2012-12-11,4.0,4.7,41.0,0.4,0.5,-1.7,0.2,102960.0,0.0
2012-12-12,6.0,0.9,21.0,6.7,-1.9,-4.1,0.0,102060.0,0.0
2012-12-13,6.0,0.4,17.0,11.0,1.5,-3.8,0.4,100560.0,0.0
2012-12-14,6.0,0.0,12.0,11.7,4.8,-1.4,7.4,98550.0,0.0
2012-12-15,4.0,3.3,34.0,10.9,9.2,6.7,0.0,99130.0,0.0
2012-12-16,4.0,4.5,40.0,9.3,7.2,3.5,0.8,99960.0,0.0
2012-12-17,3.0,6.0,46.0,8.1,7.1,4.8,0.0,100170.0,0.0
2012-12-18,6.0,0.3,16.0,8.7,5.9,3.6,0.0,101460.0,0.0
2012-12-19,8.0,0.0,12.0,10.2,5.5,2.2,23.6,101650.0,0.0
2012-12-20,7.0,0.0,12.0,10.0,7.6,5.0,3.6,100220.0,0.0
2012-12-21,4.0,3.4,35.0,13.8,8.1,6.2,9.6,100960.0,0.0
2012-12-22,8.0,0.0,12.0,12.4,10.0,6.2,8.4,100510.0,0.0
2012-12-23,7.0,0.4,17.0,12.5,10.3,8.2,5.4,100360.0,0.0
2012-12-24,7.0,0.0,12.0,9.4,10.0,7.5,8.8,99900.0,0.0
2012-12-25,7.0,0.3,16.0,10.6,8.2,7.0,3.2,99560.0,0.0
2012-12-26,4.0,0.2,15.0,8.5,6.9,3.2,2.4,100410.0,0.0
2012-12-27,6.0,0.5,18.0,12.6,7.2,5.9,4.8,100560.0,0.0
2012-12-28,8.0,0.0,12.0,11.7,9.0,5.3,0.8,101660.0,0.0
2012-12-29,7.0,0.0,12.0,11.4,10.1,8.5,1.6,100390.0,0.0
2012-12-30,4.0,1.1,23.0,11.2,8.2,4.9,0.2,100990.0,0.0
2012-12-31,8.0,0.0,13.0,8.0,8.6,6.0,5.0,100310.0,0.0
2013-01-01,3.0,5.6,46.0,11.0,5.7,3.3,0.0,100790.0,0.0
2013-01-02,7.0,0.0,13.0,11.4,6.5,2.0,0.2,102320.0,0.0
2013-01-03,8.0,0.0,13.0,10.3,8.6,5.7,0.0,103280.0,0.0
2013-01-04,8.0,0.0,13.0,10.9,9.7,9.1,0.0,103740.0,0.0
2013-01-05,7.0,0.0,13.0,9.0,9.4,7.9,0.2,103530.0,0.0
2013-01-06,7.0,0.0,13.0,10.0,7.3,5.5,0.0,103230.0,0.0
2013-01-07,8.0,0.0,13.0,11.5,8.6,7.1,0.0,102680.0,0.0
2013-01-08,7.0,0.7,21.0,9.2,9.5,7.4,3.4,102420.0,0.0
2013-01-09,4.0,3.3,38.0,3.5,8.6,8.0,0.0,102130.0,0.0
2013-01-10,7.0,0.0,14.0,7.4,1.4,-0.7,0.2,101600.0,0.0
2013-01-11,6.0,2.3,33.0,4.8,4.1,0.7,3.2,101770.0,0.0
2013-01-12,7.0,0.0,14.0,3.6,2.6,0.4,0.2,101290.0,0.0
2013-01-13,6.0,1.1,26.0,3.4,1.7,-0.3,0.0,101910.0,0.0
2013-01-14,7.0,0.0,14.0,2.7,1.6,-0.3,4.8,101160.0,0.0
2013-01-15,5.0,0.7,23.0,0.3,1.3,-0.1,0.0,100940.0,0.0
2013-01-16,6.0,1.3,28.0,2.6,-1.2,-2.6,0.0,101340.0,0.0
2013-01-17,7.0,0.5,22.0,0.6,-1.2,-4.9,0.2,101740.0,0.0
2013-01-18,8.0,0.0,15.0,1.0,-0.6,-1.8,1.5,100390.0,0.0
2013-01-19,8.0,0.0,16.0,-0.2,-0.6,-2.1,0.8,99750.0,3.0
2013-01-20,7.0,0.0,16.0,2.0,-0.8,-1.4,3.0,99520.0,2.0
2013-01-21,7.0,0.4,22.0,3.1,0.3,-1.5,0.4,99460.0,5.0
2013-01-22,5.0,0.0,16.0,2.5,-0.8,-4.7,1.2,100150.0,3.0
2013-01-23,8.0,0.0,17.0,2.3,1.0,-0.6,0.6,100770.0,0.0
2013-01-24,8.0,0.0,17.0,3.6,1.7,1.1,0.0,101660.0,0.0
2013-01-25,8.0,0.0,17.0,10.7,1.6,-0.5,4.8,101440.0,0.0
2013-01-26,5.0,4.1,52.0,10.0,5.9,1.0,9.2,100640.0,0.0
2013-01-27,4.0,4.8,56.0,11.9,6.8,3.6,0.2,99780.0,0.0
2013-01-28,4.0,0.8,29.0,13.8,7.2,2.4,2.8,100540.0,0.0
2013-01-29,8.0,0.0,18.0,11.7,8.7,3.6,6.2,100320.0,0.0
2013-01-30,4.0,5.2,61.0,10.2,10.2,8.6,1.2,100700.0,0.0
2013-01-31,4.0,3.7,53.0,7.6,8.4,6.6,5.8,101250.0,0.0
2013-02-01,6.0,1.4,36.0,5.7,6.2,4.7,0.6,100250.0,0.0
2013-02-02,3.0,5.8,68.0,10.4,4.1,2.4,0.0,101600.0,0.0
2013-02-03,7.0,0.0,20.0,11.0,4.6,-1.3,0.0,101890.0,0.0
2013-02-04,5.0,4.3,60.0,6.3,7.5,4.0,3.0,101240.0,0.0
2013-02-05,5.0,4.9,65.0,6.0,4.0,1.7,1.0,100020.0,0.0
2013-02-06,6.0,1.1,37.0,5.7,4.4,2.8,0.0,100720.0,0.0
2013-02-07,3.0,4.4,64.0,6.1,2.7,-0.3,0.2,101820.0,0.0
2013-02-08,5.0,4.6,66.0,4.9,3.0,-0.1,0.2,101960.0,0.0
2013-02-09,8.0,0.0,22.0,5.3,3.0,1.0,2.4,101890.0,0.0
2013-02-10,8.0,0.0,23.0,2.0,4.0,2.7,17.6,99930.0,0.0
2013-02-11,8.0,0.0,23.0,2.3,1.2,0.4,4.2,99930.0,0.0
2013-02-12,8.0,0.0,24.0,8.9,1.6,0.9,0.2,101530.0,0.0
2013-02-13,8.0,0.0,24.0,12.1,4.7,0.5,1.8,102110.0,0.0
2013-02-14,6.0,4.2,69.0,10.7,6.4,0.6,0.0,101140.0,0.0
2013-02-15,4.0,4.1,69.0,10.2,6.2,1.7,0.0,101990.0,0.0
2013-02-16,8.0,0.5,35.0,10.4,6.9,3.5,0.2,102350.0,0.0
2013-02-17,2.0,4.3,73.0,9.1,5.7,0.9,0.0,102160.0,0.0
2013-02-18,0.0,7.6,98.0,11.1,5.2,1.2,0.2,102040.0,0.0
2013-02-19,0.0,9.1,110.0,5.4,4.8,-1.5,0.2,101960.0,0.0
2013-02-20,5.0,5.1,83.0,2.3,3.1,0.7,0.2,102310.0,0.0
2013-02-21,8.0,0.0,28.0,2.5,1.4,0.5,0.0,102400.0,0.0
2013-02-22,8.0,0.1,32.0,2.5,1.4,0.2,0.0,102070.0,0.0
2013-02-23,8.0,0.1,32.0,2.9,1.3,0.1,0.0,102110.0,0.0
2013-02-24,8.0,0.0,29.0,4.3,1.5,0.1,0.0,102430.0,0.0
2013-02-25,8.0,0.0,30.0,5.0,2.6,0.9,0.4,102740.0,0.0
2013-02-26,8.0,0.0,30.0,6.6,3.7,2.4,0.2,103240.0,0.0
2013-02-27,6.0,3.3,75.0,9.1,4.3,2.0,0.0,103440.0,0.0
2013-02-28,5.0,0.0,31.0,7.1,5.2,1.3,0.2,102990.0,0.0
2013-03-01,8.0,0.0,35.0,5.7,4.8,2.4,0.2,102940.0,0.0
2013-03-02,6.0,1.2,60.0,8.8,4.2,2.6,0.0,102790.0,0.0
2013-03-03,4.0,2.4,76.0,9.7,3.0,-2.8,0.0,102360.0,0.0
2013-03-04,1.0,9.3,145.0,16.1,5.3,0.8,0.0,101370.0,0.0
2013-03-05,0.0,9.7,150.0,13.8,8.1,0.1,0.0,100460.0,0.0
2013-03-06,6.0,0.1,42.0,10.3,9.3,4.8,4.8,100060.0,0.0
2013-03-07,7.0,0.0,38.0,10.4,8.8,7.3,1.8,99700.0,0.0
2013-03-08,8.0,0.0,39.0,7.2,9.4,8.4,6.8,99760.0,0.0
2013-03-09,8.0,0.0,39.0,4.2,6.5,5.7,0.2,100270.0,0.0
2013-03-10,8.0,0.0,40.0,0.9,3.4,2.5,0.0,100620.0,0.0
2013-03-11,7.0,0.0,41.0,5.0,0.2,-0.5,0.0,100760.0,0.0
2013-03-12,6.0,6.4,132.0,7.6,1.4,-2.3,0.0,100920.0,0.0
2013-03-13,4.0,6.0,129.0,7.8,3.8,-0.1,0.0,101090.0,0.0
2013-03-14,3.0,6.0,131.0,9.4,2.2,-3.4,1.2,101570.0,0.0
2013-03-15,8.0,0.3,54.0,9.4,5.6,1.8,6.6,100740.0,0.0
2013-03-16,7.0,1.2,72.0,7.5,7.9,6.3,7.6,99570.0,0.0
2013-03-17,7.0,0.1,49.0,8.1,5.3,3.1,6.6,99030.0,0.0
2013-03-18,6.0,0.0,45.0,8.6,3.4,-1.3,1.8,99110.0,0.0
2013-03-19,6.0,1.5,80.0,7.0,5.7,2.8,0.2,99760.0,0.0
2013-03-20,7.0,0.3,57.0,7.1,4.3,1.6,0.0,100690.0,0.0
2013-03-21,7.0,1.3,78.0,5.6,3.6,0.0,6.0,101580.0,0.0
2013-03-22,8.0,0.1,53.0,1.8,4.0,2.4,7.4,100960.0,0.0
2013-03-23,8.0,0.0,48.0,1.4,1.3,0.8,1.6,100990.0,0.0
2013-03-24,8.0,0.0,49.0,1.5,0.7,0.0,0.0,101300.0,0.0
2013-03-25,8.0,0.0,49.0,2.4,0.6,-0.4,0.0,101460.0,0.0
2013-03-26,8.0,0.0,50.0,4.8,1.5,0.5,0.0,101360.0,0.0
2013-03-27,8.0,3.3,116.0,5.2,2.1,-0.7,0.0,101180.0,0.0
2013-03-28,6.0,3.5,120.0,7.4,1.9,-1.5,0.0,101250.0,0.0
2013-03-29,6.0,4.0,128.0,5.8,2.7,-2.0,0.0,101100.0,0.0
2013-03-30,8.0,1.5,90.0,5.9,3.5,1.1,0.0,101160.0,0.0
2013-03-31,4.0,4.1,132.0,6.9,1.8,-2.3,0.0,101460.0,0.0
2013-04-01,5.0,3.8,129.0,8.6,3.8,0.7,0.0,101160.0,0.0
2013-04-02,0.0,12.2,229.0,6.0,4.1,-0.4,0.0,101510.0,0.0
2013-04-03,5.0,2.4,110.0,3.7,2.8,-0.4,0.0,101760.0,0.0
2013-04-04,7.0,0.0,56.0,8.5,2.2,0.6,0.4,101450.0,0.0
2013-04-05,7.0,1.2,90.0,10.7,5.0,1.5,0.0,101580.0,0.0
2013-04-06,1.0,9.9,212.0,10.4,5.4,0.1,0.0,102370.0,0.0
2013-04-07,1.0,7.6,187.0,11.2,4.6,-1.2,0.0,101970.0,0.0
2013-04-08,5.0,4.2,143.0,9.7,7.7,4.1,2.4,100530.0,0.0
2013-04-09,7.0,0.0,59.0,11.1,6.7,3.6,0.2,99750.0,0.0
2013-04-10,5.0,3.1,128.0,13.4,7.0,2.8,10.4,100340.0,0.0
2013-04-11,7.0,1.4,99.0,13.2,9.2,4.9,5.6,99710.0,0.0
2013-04-12,6.0,1.3,98.0,15.1,9.7,6.1,3.4,99790.0,0.0
2013-04-13,7.0,1.3,99.0,19.9,9.7,4.2,4.4,101120.0,0.0
2013-04-14,5.0,7.3,193.0,15.7,14.8,9.7,0.0,101320.0,0.0
2013-04-15,5.0,3.2,135.0,17.1,13.2,10.6,0.0,101690.0,0.0
2013-04-16,5.0,4.9,163.0,18.8,13.2,9.3,0.0,101550.0,0.0
2013-04-17,5.0,2.8,131.0,15.4,13.8,8.7,0.0,101400.0,0.0
2013-04-18,3.0,6.3,185.0,13.6,12.2,8.9,1.6,101360.0,0.0
2013-04-19,5.0,2.9,134.0,14.0,10.1,6.6,0.0,102630.0,0.0
2013-04-20,0.0,13.1,272.0,14.8,8.4,2.8,0.0,103250.0,0.0
2013-04-21,2.0,7.9,210.0,15.5,8.1,1.4,0.0,102150.0,0.0
2013-04-22,6.0,3.6,149.0,20.7,11.0,6.5,0.0,101610.0,0.0
2013-04-23,2.0,12.8,273.0,20.3,15.0,9.2,0.0,101980.0,0.0
2013-04-24,4.0,6.4,193.0,22.8,14.4,8.5,0.2,102380.0,0.0
2013-04-25,4.0,10.5,248.0,13.4,16.4,9.9,2.8,102070.0,0.0
2013-04-26,5.0,4.3,164.0,11.4,10.0,6.6,0.0,101540.0,0.0
2013-04-27,4.0,5.8,188.0,12.1,7.2,2.9,2.6,101560.0,0.0
2013-04-28,4.0,4.9,175.0,14.8,6.3,0.5,0.0,101680.0,0.0
2013-04-29,4.0,7.6,216.0,14.7,11.2,7.5,0.0,101700.0,0.0
2013-04-30,2.0,10.1,250.0,16.5,9.5,4.2,0.0,102480.0,0.0
2013-05-01,2.0,10.2,253.0,17.6,10.2,3.8,0.0,102430.0,0.0
2013-05-02,0.0,13.5,294.0,19.4,11.3,5.0,0.0,102280.0,0.0
2013-05-03,0.0,13.0,290.0,17.2,12.1,4.7,0.0,101980.0,0.0
2013-05-04,4.0,5.9,197.0,18.7,12.5,7.7,1.0,101750.0,0.0
2013-05-05,6.0,2.4,139.0,22.0,12.7,6.7,0.0,102190.0,0.0
2013-05-06,3.0,12.2,284.0,22.6,16.4,10.8,0.0,102000.0,0.0
2013-05-07,0.0,12.6,290.0,17.9,15.9,9.1,0.6,101610.0,0.0
2013-05-08,6.0,1.1,112.0,14.9,15.0,12.0,0.2,100720.0,0.0
2013-05-09,4.0,6.9,216.0,18.3,10.9,6.9,0.8,100830.0,0.0
2013-05-10,7.0,0.0,75.0,14.1,14.0,9.6,1.8,101050.0,0.0
2013-05-11,6.0,2.4,142.0,15.4,10.5,6.8,2.4,101090.0,0.0
2013-05-12,5.0,6.9,219.0,15.8,10.2,5.0,0.4,101470.0,0.0
2013-05-13,5.0,6.3,210.0,12.3,13.2,10.5,0.0,101170.0,0.0
2013-05-14,8.0,1.5,125.0,14.4,9.8,7.3,7.6,100260.0,0.0
2013-05-15,6.0,1.3,121.0,16.9,10.3,6.1,0.6,99450.0,0.0
2013-05-16,2.0,8.6,246.0,12.6,10.2,3.4,0.2,99980.0,0.0
2013-05-17,6.0,0.7,106.0,16.0,9.7,6.7,0.0,100640.0,0.0
2013-05-18,6.0,1.7,131.0,18.8,12.4,8.8,0.0,100820.0,0.0
2013-05-19,3.0,3.2,162.0,17.3,13.7,8.6,0.2,101140.0,0.0
2013-05-20,7.0,0.0,79.0,15.3,14.1,10.9,0.0,101170.0,0.0
2013-05-21,7.0,1.1,118.0,15.0,13.9,12.4,0.4,101610.0,0.0
2013-05-22,6.0,1.8,135.0,11.7,12.4,9.7,0.0,101870.0,0.0
2013-05-23,5.0,5.9,211.0,9.9,8.7,5.7,0.6,101370.0,0.0
2013-05-24,7.0,0.2,92.0,16.2,7.7,5.5,4.8,100970.0,0.0
2013-05-25,3.0,10.3,276.0,19.8,10.8,5.3,0.0,102070.0,0.0
2013-05-26,1.0,14.3,328.0,18.2,12.9,6.0,0.0,101840.0,0.0
2013-05-27,2.0,12.8,310.0,12.0,12.1,6.0,4.0,100860.0,0.0
2013-05-28,8.0,0.0,81.0,13.2,10.8,9.6,12.2,100050.0,0.0
2013-05-29,7.0,1.1,121.0,15.2,10.4,7.5,4.0,100480.0,0.0
2013-05-30,8.0,0.1,89.0,21.9,12.8,10.4,0.0,101100.0,0.0
2013-05-31,6.0,5.3,205.0,18.8,16.7,11.4,0.0,101830.0,0.0
2013-06-01,4.0,7.9,246.0,18.7,14.4,10.0,0.0,102340.0,0.0
2013-06-02,2.0,11.6,297.0,19.3,13.5,8.2,0.0,102890.0,0.0
2013-06-03,1.0,13.2,318.0,21.2,14.0,8.7,0.0,103140.0,0.0
2013-06-04,0.0,14.1,329.0,21.5,14.3,7.4,0.0,102680.0,0.0
2013-06-05,3.0,9.1,265.0,22.9,15.0,8.5,0.0,102150.0,0.0
2013-06-06,2.0,13.3,320.0,20.6,15.7,8.5,0.4,102160.0,0.0
2013-06-07,5.0,4.6,196.0,18.6,15.1,9.6,0.6,102310.0,0.0
2013-06-08,4.0,11.4,297.0,15.3,13.8,8.9,0.0,102140.0,0.0
2013-06-09,8.0,0.3,98.0,16.1,12.9,10.5,0.0,101670.0,0.0
2013-06-10,8.0,0.1,89.0,18.1,13.3,10.5,0.0,101570.0,0.0
2013-06-11,6.0,0.6,109.0,17.8,13.3,8.5,0.0,101360.0,0.0
2013-06-12,8.0,0.3,99.0,19.3,15.8,13.7,2.2,101110.0,0.0
2013-06-13,7.0,1.5,135.0,19.7,16.2,13.0,0.0,101140.0,0.0
2013-06-14,5.0,5.1,206.0,18.3,14.4,9.1,1.0,101570.0,0.0
2013-06-15,6.0,6.3,226.0,18.2,14.5,10.7,3.0,100870.0,0.0
2013-06-16,6.0,2.5,158.0,21.3,14.9,11.5,0.2,101380.0,0.0
2013-06-17,5.0,0.2,95.0,21.0,17.0,12.7,0.0,101400.0,0.0
2013-06-18,5.0,3.2,172.0,26.1,17.3,13.5,0.0,101440.0,0.0
2013-06-19,5.0,4.9,203.0,21.3,20.7,15.3,0.0,101470.0,0.0
2013-06-20,6.0,2.0,147.0,23.7,19.0,16.6,0.0,101180.0,0.0
2013-06-21,6.0,3.3,174.0,19.4,18.8,13.9,1.6,101010.0,0.0
2013-06-22,7.0,1.1,125.0,18.6,15.6,11.8,0.2,100670.0,0.0
2013-06-23,7.0,1.9,145.0,17.7,15.7,12.7,0.2,100990.0,0.0
2013-06-24,7.0,0.4,103.0,21.1,13.9,10.0,0.0,102240.0,0.0
2013-06-25,5.0,7.9,250.0,22.5,16.0,10.8,0.0,102890.0,0.0
2013-06-26,5.0,5.5,213.0,20.7,16.4,10.2,0.0,103000.0,0.0
2013-06-27,5.0,5.0,204.0,21.5,16.3,11.9,1.4,102640.0,0.0
2013-06-28,7.0,0.0,81.0,22.2,16.8,12.1,0.8,101980.0,0.0
2013-06-29,4.0,9.1,266.0,27.2,17.7,13.2,0.0,102280.0,0.0
2013-06-30,2.0,11.1,293.0,21.3,20.7,14.1,0.0,102160.0,0.0
2013-07-01,3.0,8.2,253.0,17.9,17.4,13.4,0.0,101700.0,0.0
2013-07-02,5.0,0.0,80.0,21.5,14.8,11.6,1.2,101110.0,0.0
2013-07-03,7.0,0.2,94.0,24.9,17.9,14.3,0.0,100890.0,0.0
2013-07-04,4.0,4.5,194.0,26.3,18.7,12.5,0.0,101970.0,0.0
2013-07-05,0.0,11.9,302.0,28.1,19.2,12.0,0.0,102860.0,0.0
2013-07-06,0.0,13.6,323.0,29.5,21.1,14.0,0.0,102940.0,0.0
2013-07-07,0.0,13.8,325.0,27.7,23.0,16.5,0.0,103160.0,0.0
2013-07-08,0.0,13.7,323.0,27.2,21.6,15.5,0.0,103260.0,0.0
2013-07-09,0.0,14.5,333.0,24.6,19.9,12.5,0.0,102820.0,0.0
2013-07-10,1.0,12.8,311.0,23.4,19.1,13.6,0.0,102560.0,0.0
2013-07-11,3.0,12.5,307.0,25.9,17.6,11.8,0.0,102550.0,0.0
2013-07-12,2.0,8.1,248.0,31.4,19.1,12.3,0.0,102510.0,0.0
2013-07-13,1.0,12.1,301.0,29.8,22.9,14.3,0.0,102390.0,0.0
2013-07-14,1.0,11.3,290.0,30.9,23.8,17.8,0.0,102360.0,0.0
2013-07-15,0.0,12.6,306.0,31.0,24.4,17.8,0.0,102310.0,0.0
2013-07-16,1.0,9.2,261.0,31.9,24.1,17.2,0.0,102280.0,0.0
2013-07-17,1.0,8.3,248.0,29.5,25.0,18.0,0.0,102380.0,0.0
2013-07-18,0.0,13.9,320.0,29.3,24.0,18.4,0.0,102610.0,0.0
2013-07-19,0.0,14.3,324.0,24.6,22.6,15.9,0.0,102510.0,0.0
2013-07-20,5.0,2.9,159.0,27.5,20.6,16.5,0.0,102330.0,0.0
2013-07-21,4.0,7.5,234.0,33.5,22.2,16.9,0.6,101950.0,0.0
2013-07-22,1.0,10.9,279.0,29.6,25.4,17.2,0.2,101580.0,0.0
2013-07-23,3.0,4.9,193.0,27.7,25.2,20.7,0.4,101330.0,0.0
2013-07-24,1.0,8.6,247.0,26.9,21.5,15.3,8.6,101430.0,0.0
2013-07-25,4.0,6.5,217.0,26.8,21.6,16.3,0.0,101280.0,0.0
2013-07-26,3.0,7.9,236.0,28.9,20.4,13.9,0.0,101240.0,0.0
2013-07-27,3.0,5.8,205.0,24.9,21.8,14.7,6.0,100650.0,0.0
2013-07-28,4.0,7.8,233.0,24.7,19.8,14.7,2.8,100680.0,0.0
2013-07-29,4.0,5.5,199.0,22.3,20.3,15.8,2.8,101150.0,0.0
2013-07-30,3.0,3.1,157.0,26.9,18.8,15.2,2.6,101350.0,0.0
2013-07-31,6.0,1.3,119.0,34.1,21.4,15.9,0.0,101530.0,0.0
2013-08-01,1.0,13.3,299.0,26.4,25.3,16.5,0.0,100920.0,0.0
2013-08-02,3.0,5.0,188.0,24.7,21.8,17.2,3.2,100880.0,0.0
2013-08-03,1.0,9.8,254.0,24.5,20.0,15.2,0.0,101520.0,0.0
2013-08-04,2.0,6.1,203.0,23.8,19.4,14.3,0.0,101890.0,0.0
2013-08-05,2.0,2.0,132.0,22.7,20.3,16.7,12.0,101210.0,0.0
2013-08-06,1.0,9.1,242.0,23.1,17.3,11.9,0.0,101580.0,0.0
2013-08-07,1.0,7.3,217.0,25.5,18.9,14.7,0.0,101450.0,0.0
2013-08-08,1.0,9.5,245.0,24.9,18.9,12.2,0.6,101930.0,0.0
2013-08-09,5.0,4.7,177.0,23.0,20.2,15.5,0.0,101900.0,0.0
2013-08-10,5.0,2.8,144.0,24.0,18.1,13.2,0.0,102200.0,0.0
2013-08-11,3.0,8.9,234.0,22.8,20.2,16.4,0.0,101810.0,0.0
2013-08-12,2.0,4.3,168.0,21.5,18.2,13.6,0.0,101710.0,0.0
2013-08-13,1.0,4.3,167.0,23.4,15.9,10.3,0.4,102190.0,0.0
2013-08-14,3.0,5.7,187.0,24.2,17.3,11.2,1.0,102280.0,0.0
2013-08-15,3.0,2.1,127.0,23.6,20.2,16.1,1.2,101850.0,0.0
2013-08-16,3.0,2.4,132.0,20.9,20.2,16.8,0.8,101500.0,0.0
2013-08-17,3.0,2.5,133.0,23.9,17.4,13.9,0.0,101230.0,0.0
2013-08-18,2.0,4.2,161.0,23.5,19.9,15.8,0.0,100970.0,0.0
2013-08-19,1.0,8.9,224.0,24.9,17.6,11.7,0.0,102010.0,0.0
2013-08-20,0.0,10.6,243.0,27.5,18.4,11.8,0.0,102740.0,0.0
2013-08-21,0.0,11.3,249.0,23.9,20.1,12.7,2.8,102370.0,0.0
2013-08-22,2.0,0.8,92.0,27.7,20.2,16.4,0.0,101970.0,0.0
2013-08-23,0.0,6.2,184.0,18.7,21.7,15.7,0.6,101450.0,0.0
2013-08-24,6.0,0.0,61.0,24.7,18.0,17.2,9.8,101100.0,0.0
2013-08-25,5.0,4.9,164.0,25.9,18.8,12.9,0.2,101330.0,0.0
2013-08-26,3.0,7.2,193.0,23.6,20.4,14.9,0.0,101840.0,0.0
2013-08-27,2.0,8.5,208.0,24.7,17.8,11.9,0.0,101870.0,0.0
2013-08-28,1.0,9.2,215.0,24.7,18.5,12.2,0.0,102230.0,0.0
2013-08-29,1.0,8.1,200.0,25.4,19.5,14.2,0.0,102180.0,0.0
2013-08-30,2.0,8.2,200.0,21.4,20.3,15.1,0.0,101970.0,0.0
2013-08-31,1.0,10.8,228.0,22.3,17.6,13.8,0.0,102560.0,0.0
2013-09-01,0.0,5.4,156.0,26.2,15.8,9.2,0.0,102950.0,0.0
2013-09-02,0.0,12.6,233.0,26.0,18.8,11.4,0.0,102710.0,0.0
2013-09-03,2.0,4.2,137.0,28.5,20.1,14.2,0.0,102700.0,0.0
2013-09-04,0.0,12.5,229.0,29.5,21.1,13.7,0.0,102070.0,0.0
2013-09-05,2.0,11.6,218.0,18.1,22.0,14.4,0.0,101110.0,0.0
2013-09-06,5.0,2.8,114.0,19.5,16.2,14.2,1.2,100860.0,0.0
2013-09-07,2.0,6.1,156.0,18.5,15.2,10.9,0.2,101400.0,0.0
2013-09-08,2.0,5.3,145.0,14.1,13.3,8.0,3.2,101800.0,0.0
2013-09-09,4.0,0.1,58.0,17.2,11.6,9.0,3.2,101660.0,0.0
2013-09-10,2.0,4.0,127.0,17.4,13.1,9.0,0.0,102040.0,0.0
2013-09-11,6.0,0.8,75.0,20.5,14.7,11.9,2.6,102120.0,0.0
2013-09-12,6.0,0.8,74.0,19.6,16.5,12.5,1.8,101930.0,0.0
2013-09-13,7.0,0.1,55.0,14.2,16.9,14.2,29.8,101680.0,0.0
2013-09-14,6.0,0.0,49.0,16.2,11.7,9.2,0.2,101610.0,0.0
2013-09-15,3.0,3.5,114.0,15.2,11.4,6.6,1.8,100970.0,0.0
2013-09-16,0.0,9.4,177.0,14.8,11.6,7.9,0.2,100310.0,0.0
2013-09-17,4.0,0.5,64.0,16.3,11.4,8.0,4.6,100000.0,0.0
2013-09-18,4.0,4.1,118.0,17.5,13.5,10.7,0.0,100430.0,0.0
2013-09-19,2.0,1.1,74.0,19.2,12.3,7.0,0.2,101040.0,0.0
2013-09-20,4.0,6.4,141.0,18.9,14.0,8.7,0.0,101830.0,0.0
2013-09-21,4.0,0.0,44.0,19.8,14.4,9.8,0.0,102450.0,0.0
2013-09-22,6.0,0.0,44.0,18.6,17.2,14.5,0.0,102790.0,0.0
2013-09-23,4.0,1.2,72.0,22.2,15.8,12.9,0.2,102470.0,0.0
2013-09-24,5.0,6.1,132.0,21.9,16.1,10.0,0.0,101640.0,0.0
2013-09-25,7.0,2.3,87.0,20.2,17.2,12.5,0.0,101180.0,0.0
2013-09-26,7.0,3.4,100.0,18.7,17.1,14.0,0.0,101660.0,0.0
2013-09-27,5.0,7.0,136.0,20.2,14.6,10.4,0.0,101610.0,0.0
2013-09-28,6.0,0.7,59.0,19.1,16.0,11.8,0.4,100950.0,0.0
2013-09-29,6.0,4.5,108.0,19.1,16.5,13.8,0.0,100690.0,0.0
2013-09-30,5.0,2.4,83.0,17.5,16.4,13.7,0.0,100680.0,0.0
2013-10-01,6.0,0.0,39.0,22.0,14.6,11.7,0.0,100890.0,0.0
2013-10-02,7.0,2.1,77.0,19.2,18.0,14.0,0.0,101050.0,0.0
2013-10-03,6.0,0.9,59.0,22.0,16.3,13.3,1.6,100850.0,0.0
2013-10-04,6.0,3.9,96.0,19.4,19.0,16.0,0.0,100920.0,0.0
2013-10-05,6.0,0.9,57.0,19.8,16.0,12.6,0.2,102020.0,0.0
2013-10-06,4.0,9.5,142.0,20.3,14.2,8.6,0.0,102570.0,0.0
2013-10-07,7.0,4.3,96.0,21.0,15.1,9.9,0.0,102550.0,0.0
2013-10-08,6.0,4.9,100.0,17.8,16.8,12.6,0.0,102480.0,0.0
2013-10-09,6.0,1.3,60.0,12.1,15.5,13.2,0.0,101990.0,0.0
2013-10-10,4.0,3.3,82.0,13.6,9.6,7.0,1.2,101890.0,0.0
2013-10-11,4.0,2.4,72.0,14.1,10.9,8.2,5.0,101780.0,0.0
2013-10-12,7.0,3.0,77.0,11.4,11.7,9.2,2.2,101820.0,0.0
2013-10-13,6.0,0.0,32.0,11.8,10.5,9.6,9.0,101070.0,0.0
2013-10-14,7.0,0.2,38.0,13.9,10.3,8.7,2.4,100740.0,0.0
2013-10-15,5.0,3.4,78.0,15.9,10.9,7.9,0.2,101080.0,0.0
2013-10-16,5.0,1.8,60.0,18.7,10.7,5.4,4.8,101020.0,0.0
2013-10-17,4.0,6.4,101.0,17.9,13.9,9.0,0.0,101360.0,0.0
2013-10-18,5.0,0.2,36.0,18.5,14.3,10.6,1.0,101370.0,0.0
2013-10-19,5.0,0.5,41.0,17.4,15.6,12.6,5.6,100540.0,0.0
2013-10-20,6.0,3.3,71.0,18.2,14.9,12.4,7.0,100530.0,0.0
2013-10-21,7.0,0.0,28.0,18.4,15.2,12.2,1.2,100570.0,0.0
2013-10-22,7.0,0.0,27.0,17.8,16.9,15.3,6.8,99710.0,0.0
2013-10-23,4.0,5.4,85.0,17.7,15.6,13.4,0.0,99930.0,0.0
2013-10-24,4.0,7.3,97.0,18.8,12.1,6.4,1.8,101330.0,0.0
2013-10-25,6.0,2.0,54.0,17.7,15.4,11.9,0.2,100500.0,0.0
2013-10-26,4.0,1.1,44.0,16.9,16.1,14.4,4.0,100420.0,0.0
2013-10-27,5.0,4.9,77.0,15.2,14.0,11.0,23.5,99650.0,0.0
2013-10-28,6.0,3.9,68.0,13.1,13.3,11.3,2.5,99250.0,0.0
2013-10-29,1.0,6.5,85.0,14.5,10.3,7.5,0.0,101060.0,0.0
2013-10-30,3.0,6.2,82.0,13.3,9.0,3.5,1.0,102010.0,0.0
2013-10-31,7.0,0.0,23.0,15.0,10.7,8.1,0.2,101650.0,0.0
2013-11-01,7.0,0.0,23.0,15.8,13.2,11.4,0.6,100890.0,0.0
2013-11-02,5.0,3.7,62.0,12.6,13.0,10.2,0.0,99860.0,0.0
2013-11-03,3.0,6.3,78.0,10.8,10.0,7.4,15.0,99870.0,0.0
2013-11-04,3.0,7.4,83.0,13.0,8.4,5.9,5.0,99190.0,0.0
2013-11-05,7.0,1.0,36.0,15.7,8.6,4.2,2.0,99480.0,0.0
2013-11-06,8.0,0.0,21.0,11.2,12.5,9.3,3.2,99950.0,0.0
2013-11-07,5.0,0.6,31.0,11.4,10.2,9.2,0.0,100640.0,0.0
2013-11-08,3.0,0.2,25.0,8.2,8.3,5.1,8.8,100560.0,0.0
2013-11-09,4.0,0.2,25.0,10.2,6.0,3.7,5.6,100610.0,0.0
2013-11-10,2.0,7.9,79.0,13.1,7.3,4.4,1.0,101590.0,0.0
2013-11-11,7.0,0.0,19.0,12.8,7.4,1.6,2.8,102240.0,0.0
2013-11-12,4.0,1.4,36.0,10.8,11.2,9.6,0.2,102630.0,0.0
2013-11-13,2.0,6.6,69.0,9.7,6.1,1.3,0.4,103210.0,0.0
2013-11-14,2.0,4.5,57.0,10.0,7.0,4.2,0.0,102400.0,0.0
2013-11-15,1.0,6.4,66.0,10.0,6.7,3.4,0.0,103290.0,0.0
2013-11-16,3.0,5.4,60.0,9.7,5.2,0.3,0.0,103200.0,0.0
2013-11-17,8.0,0.0,17.0,9.6,6.2,2.7,0.4,102430.0,0.0
2013-11-18,8.0,0.0,17.0,6.4,8.8,7.9,0.2,101100.0,0.0
2013-11-19,1.0,7.1,66.0,7.6,4.4,2.3,0.2,101400.0,0.0
2013-11-20,5.0,1.7,35.0,8.3,2.4,-2.9,4.2,100410.0,0.0
2013-11-21,4.0,2.1,37.0,8.2,5.8,3.3,0.0,100450.0,0.0
2013-11-22,2.0,4.3,50.0,8.1,5.8,3.3,0.0,101790.0,0.0
2013-11-23,4.0,5.4,55.0,8.2,5.2,2.3,0.0,102440.0,0.0
2013-11-24,7.0,0.0,16.0,7.5,6.0,3.8,0.0,103070.0,0.0
2013-11-25,7.0,1.1,28.0,8.2,5.8,4.0,0.0,103780.0,0.0
2013-11-26,5.0,5.5,53.0,10.9,4.4,0.6,0.2,103890.0,0.0
2013-11-27,8.0,0.0,15.0,10.3,6.6,2.2,0.0,103400.0,0.0
2013-11-28,8.0,0.0,15.0,10.4,8.8,7.2,0.0,103470.0,0.0
2013-11-29,6.0,0.0,15.0,9.0,8.9,7.4,0.2,102690.0,0.0
2013-11-30,4.0,1.6,30.0,9.7,7.2,5.3,0.0,102760.0,0.0
2013-12-01,6.0,0.2,17.0,9.7,5.3,0.8,0.0,103300.0,0.0
2013-12-02,8.0,0.0,13.0,7.7,7.7,5.7,0.0,103400.0,0.0
2013-12-03,8.0,0.0,13.0,8.9,6.8,5.9,0.0,102970.0,0.0
2013-12-04,5.0,0.0,13.0,10.6,7.0,5.1,0.2,102940.0,0.0
2013-12-05,3.0,0.4,18.0,8.8,5.1,-0.5,0.4,102400.0,0.0
2013-12-06,3.0,5.1,45.0,9.4,5.1,1.4,0.0,102780.0,0.0
2013-12-07,7.0,0.0,13.0,12.0,6.2,3.0,0.0,102670.0,0.0
2013-12-08,2.0,3.2,35.0,11.3,8.0,4.0,0.2,102550.0,0.0
2013-12-09,0.0,5.3,45.0,9.6,8.1,4.8,0.2,102890.0,0.0
2013-12-10,3.0,0.9,21.0,5.5,4.9,0.1,0.4,103130.0,0.0
2013-12-11,0.0,2.4,30.0,11.2,3.1,0.7,0.2,102950.0,0.0
2013-12-12,3.0,0.8,21.0,12.6,4.9,-1.5,0.2,102480.0,0.0
2013-12-13,7.0,0.0,12.0,11.8,8.8,5.0,1.8,101960.0,0.0
2013-12-14,3.0,2.0,28.0,12.7,7.7,3.5,1.2,102240.0,0.0
2013-12-15,6.0,0.0,12.0,13.3,8.9,5.0,9.0,101910.0,0.0
2013-12-16,7.0,0.0,12.0,7.4,11.0,8.6,12.8,101660.0,0.0
2013-12-17,7.0,0.0,12.0,10.8,6.0,4.6,2.8,102170.0,0.0
2013-12-18,6.0,1.1,22.0,9.0,7.9,4.9,7.8,100770.0,0.0
2013-12-19,3.0,5.1,42.0,11.1,7.0,4.9,3.8,100210.0,0.0
2013-12-20,2.0,5.4,43.0,12.1,6.6,2.1,2.6,101870.0,0.0
2013-12-21,7.0,0.0,12.0,10.1,8.2,4.2,6.4,101250.0,0.0
2013-12-22,2.0,3.2,34.0,11.9,8.7,7.2,0.2,100980.0,0.0
2013-12-23,6.0,0.0,12.0,9.5,8.2,4.4,27.0,99830.0,0.0
2013-12-24,6.0,0.3,16.0,7.0,8.7,7.9,5.6,97950.0,0.0
2013-12-25,3.0,1.4,24.0,11.2,5.1,3.2,1.8,98460.0,0.0
2013-12-26,6.0,1.0,22.0,10.8,6.7,2.1,2.4,99510.0,0.0
2013-12-27,4.0,1.0,22.0,8.8,6.3,1.8,0.0,98670.0,0.0
2013-12-28,2.0,4.5,40.0,10.5,6.3,3.7,0.0,99750.0,0.0
2013-12-29,1.0,6.3,48.0,10.5,5.1,-0.3,0.4,101490.0,0.0
2013-12-30,4.0,1.7,27.0,10.9,6.4,2.2,6.0,101070.0,0.0
2013-12-31,5.0,0.0,13.0,11.4,8.0,5.1,4.8,100410.0,0.0
2014-01-01,6.0,0.0,13.0,11.1,8.5,5.6,13.8,99300.0,0.0
2014-01-02,4.0,5.2,45.0,10.7,8.6,6.1,4.8,99330.0,0.0
2014-01-03,3.0,2.9,34.0,9.5,8.6,6.5,12.0,99440.0,0.0
2014-01-04,6.0,0.0,13.0,12.5,7.4,5.3,3.4,99360.0,0.0
2014-01-05,4.0,1.0,23.0,12.6,6.6,0.7,9.6,100010.0,0.0
2014-01-06,5.0,1.2,25.0,11.8,7.7,2.7,9.6,99450.0,0.0
2014-01-07,4.0,1.4,26.0,12.0,10.5,9.1,5.2,100300.0,0.0
2014-01-08,4.0,0.9,23.0,9.1,9.4,6.7,3.6,101190.0,0.0
2014-01-09,4.0,3.3,38.0,10.9,8.7,8.3,0.0,100640.0,0.0
2014-01-10,3.0,3.9,41.0,9.2,6.6,2.3,1.8,101430.0,0.0
2014-01-11,3.0,6.7,55.0,9.9,6.8,4.3,0.0,101860.0,0.0
2014-01-12,4.0,1.9,31.0,9.7,4.1,-1.8,2.4,101650.0,0.0
2014-01-13,2.0,3.5,41.0,10.2,5.9,2.1,4.8,100500.0,0.0
2014-01-14,5.0,5.7,52.0,11.3,5.4,0.5,4.6,100440.0,0.0
2014-01-15,7.0,0.0,15.0,10.6,6.3,1.3,2.8,99840.0,0.0
2014-01-16,5.0,2.6,37.0,9.2,9.0,7.4,11.6,99040.0,0.0
2014-01-17,5.0,1.9,33.0,10.7,7.9,6.5,7.2,99060.0,0.0
2014-01-18,7.0,0.9,26.0,8.6,8.4,6.1,0.2,99140.0,0.0
2014-01-19,2.0,5.4,54.0,9.2,7.4,6.2,0.0,99550.0,0.0
2014-01-20,6.0,3.9,46.0,8.7,4.9,0.6,0.2,100770.0,0.0
2014-01-21,5.0,1.7,33.0,10.7,4.9,1.0,8.8,101000.0,0.0
2014-01-22,7.0,2.5,39.0,8.8,6.2,1.6,0.2,100670.0,0.0
2014-01-23,4.0,2.9,42.0,8.8,5.5,2.2,1.2,101260.0,0.0
2014-01-24,7.0,0.0,17.0,12.3,5.3,1.7,5.6,101390.0,0.0
2014-01-25,5.0,1.5,34.0,9.9,8.5,4.6,1.8,101260.0,0.0
2014-01-26,6.0,0.1,20.0,8.8,6.9,3.8,5.0,100210.0,0.0
2014-01-27,3.0,3.6,49.0,10.1,5.4,2.0,1.8,98990.0,0.0
2014-01-28,5.0,3.7,51.0,4.8,7.0,3.8,1.6,98510.0,0.0
2014-01-29,8.0,0.0,18.0,6.0,4.8,4.7,18.8,99400.0,0.0
2014-01-30,7.0,0.0,19.0,9.5,4.7,3.4,0.2,100180.0,0.0
2014-01-31,8.0,0.0,19.0,9.1,5.3,1.1,19.8,99840.0,0.0
2014-02-01,3.0,5.6,65.0,10.2,5.6,2.0,0.0,99000.0,0.0
2014-02-02,2.0,7.0,74.0,8.8,7.6,4.9,0.0,100530.0,0.0
2014-02-03,3.0,1.0,34.0,9.4,6.1,3.4,0.0,100370.0,0.0
2014-02-04,5.0,3.9,57.0,10.1,6.8,4.2,11.2,99670.0,0.0
2014-02-05,6.0,1.1,36.0,10.1,7.8,5.4,1.6,98190.0,0.0
2014-02-06,5.0,0.0,21.0,9.8,8.4,6.7,19.0,98980.0,0.0
2014-02-07,6.0,4.9,67.0,9.8,6.8,3.7,5.8,98880.0,0.0
2014-02-08,5.0,4.0,62.0,8.7,7.3,4.7,2.4,97900.0,0.0
2014-02-09,5.0,1.6,43.0,9.6,7.5,6.3,0.2,98470.0,0.0
2014-02-10,5.0,2.6,53.0,8.7,6.7,3.8,1.4,99300.0,0.0
2014-02-11,3.0,2.7,54.0,9.3,5.4,2.0,2.0,99660.0,0.0
2014-02-12,5.0,0.8,37.0,8.6,6.0,2.6,8.2,99410.0,0.0
2014-02-13,2.0,5.6,78.0,12.4,6.2,3.8,0.4,99250.0,0.0
2014-02-14,6.0,0.0,24.0,11.0,7.8,3.1,9.8,99000.0,0.0
2014-02-15,3.0,6.0,83.0,10.7,7.9,4.7,0.4,98860.0,0.0
2014-02-16,1.0,8.4,101.0,10.8,6.3,1.9,0.2,100680.0,0.0
2014-02-17,5.0,0.1,29.0,11.1,6.8,2.7,2.2,100770.0,0.0
2014-02-18,5.0,1.2,45.0,11.0,9.3,7.5,5.8,100860.0,0.0
2014-02-19,6.0,0.1,30.0,13.5,7.6,4.1,0.8,101120.0,0.0
2014-02-20,6.0,1.4,49.0,10.9,10.2,6.8,1.6,100150.0,0.0
2014-02-21,2.0,7.3,100.0,11.9,7.1,3.2,0.0,100350.0,0.0
2014-02-22,3.0,6.4,95.0,12.5,8.3,4.6,0.0,100910.0,0.0
2014-02-23,6.0,0.0,29.0,14.9,9.7,6.8,0.0,101030.0,0.0
2014-02-24,4.0,4.4,82.0,10.7,10.9,6.8,3.2,100500.0,0.0
2014-02-25,5.0,2.0,60.0,11.8,9.4,8.1,2.6,100050.0,0.0
2014-02-26,1.0,7.7,111.0,12.0,7.4,2.9,2.8,101270.0,0.0
2014-02-27,4.0,4.9,90.0,8.4,8.9,5.7,4.8,100700.0,0.0
